recipe_name,diet,condition,ingredients,calories,steps,time
Aloo Bhujia,veg,normal,potato spices,200,1. Chop potato. 2. Heat oil. 3. Add spices. 4. Add potato. 5. Cook. 6. Serve. 7. Dry. 8. Snack.,30
Aloo Gobi,veg,normal,potato cauliflower onion tomato spices,250,"1. Heat 2 tablespoons of oil in a large pan over medium heat. 2. Add 1 teaspoon of cumin seeds and let them splutter. 3. Add 1 finely chopped onion and sauté until golden brown. 4. Add 2 chopped tomatoes and cook until they turn mushy. 5. Add 2 potatoes and 1 cauliflower, cut into pieces, along with spices like turmeric, chili, and garam masala. 6. Stir well to coat the vegetables. 7. Cover and cook for 20-25 minutes until tender. 8. Garnish with coriander and serve with roti.",40
Aloo Matar,veg,normal,potato peas spices,250,1. Chop potato. 2. Heat oil. 3. Add spices. 4. Add veggies. 5. Cook. 6. Serve. 7. With puri. 8. Simple.,30
Aloo Paratha,veg,normal,potato flour onion spices,250,1. Boil 2 potatoes and mash them. 2. Chop 1 onion and mix with potatoes. 3. Add spices like chili and coriander. 4. Knead dough with 1 cup flour and water. 5. Divide dough and stuff with potato mix. 6. Roll into parathas. 7. Cook on hot griddle with oil. 8. Serve with yogurt.,40
Baingan Bharta,veg,normal,eggplant onion tomato spices,180,"1. Roast 1 large eggplant over flame until charred. 2. Peel and mash the eggplant. 3. Chop 1 onion and 1 tomato. 4. Heat 1 tablespoon oil in a pan. 5. Sauté onion until golden. 6. Add tomato and spices, cook until soft. 7. Mix in mashed eggplant. 8. Cook for 5 minutes and serve with bread.",30
Bhelpuri,veg,normal,puffed rice vegetables chutney,200,"1. Mix 2 cups puffed rice in a bowl. 2. Chop potatoes, onions, and tomatoes. 3. Add to rice with chutneys. 4. Sprinkle sev and peanuts. 5. Add lemon juice and spices .6 Toss well .7 Garnish with coriander .8 Serve immediately.",15
Bhindi Masala,veg,normal,okra onion tomato spices,160,1 . Wash and chop   g okra .2 Chop   onion   tomato .3 Heat oil in pan .4 Sauté onion until golden .5 Add okra and cook .6 Add tomato and spices .7 Cook until okra is tender .8 Serve with roti.,25
Butter Chicken,non-veg,normal,chicken butter tomato spices,320,1 Marinate chicken in yogurt and spices .2 Cook chicken until tender .3 Make tomato-based gravy .4 Add butter and cream .5 Simmer with chicken .6 Adjust spices .7 Garnish with cream .8 Serve with naan.,50
Chana Chaat,veg,normal,chickpeas spices,260,"1 Cook chana .2 Add chopped onion , tomato .3 Add spices .4 Mix .5 Serve .6 With chutney .7 Hot .8 Enjoy.",20
Chana Masala,veg,normal,chickpeas onion tomato spices,220,"1 Soak   cup chickpeas overnight and boil until soft .2 Chop   onion   tomato finely .3 Heat   tablespoon oil in a pan over medium heat .4 Add chopped onion and sauté until golden brown .5 Add tomato and spices like cumin , coriander , chili powder    Cook the masala until oil separates    Add boiled chickpeas and   cup water , simmer for   minutes    Garnish with coriander and serve with rice or roti.",40
Chicken 65,non-veg,normal,chicken spices,340,"1. Marinate chicken in red chili, soy. 2. Fry. 3. Make sauce. 4. Add chicken. 5. Cook. 6. Serve. 7. Hot. 8. Enjoy.",25
Chicken Biryani,non-veg,normal,chicken rice onion spices,450,1. Marinate chicken. 2. Cook rice. 3. Fry onions. 4. Layer. 5. Cook. 6. Dum. 7. Serve. 8. Aromatic.,50
Chicken Chettinad,non-veg,normal,chicken spices,370,1. Marinate chicken. 2. Cook with spices. 3. Serve. 4. Spicy. 5. South Indian. 6. Traditional. 7. Rich. 8. Aromatic.,40
Chicken Korma,non-veg,normal,chicken yogurt coconut spices,310,1. Marinate chicken in yogurt. 2. Grind coconut and spices. 3. Sauté onions. 4. Add chicken and cook. 5. Add ground paste. 6. Simmer until done. 7. Garnish with nuts. 8. Serve with rice.,45
Chicken Masala,non-veg,normal,chicken onion tomato,280,1. Marinate chicken. 2. Sauté onions. 3. Add tomatoes. 4. Spices. 5. Chicken. 6. Simmer. 7. Serve. 8. Rice.,40
Chicken Pulao,non-veg,normal,chicken rice spices,380,1. Marinate chicken. 2. Cook rice. 3. Sauté. 4. Mix. 5. Cook. 6. Serve. 7. Hot. 8. Enjoy.,45
Chicken Tandoori,non-veg,normal,chicken yogurt spices,270,1. Marinate chicken in yogurt and spices. 2. Let it rest for 2 hours. 3. Preheat oven. 4. Place on baking tray. 5. Bake at 200°C for 25 minutes. 6. Turn halfway. 7. Brush with oil. 8. Serve with salad.,150
Chicken Tikka Masala,non-veg,normal,chicken tomato cream spices,420,1. Grill marinated chicken tikka. 2. Heat 2 tablespoons oil. 3. Add 1 chopped onion. 4. Add 2 chopped tomatoes. 5. Add spices and cook. 6. Add grilled chicken. 7. Add cream and simmer. 8. Serve with naan.,50
Chilli Chicken,non-veg,normal,chicken capsicum spices,350,1. Marinate chicken. 2. Fry. 3. Add capsicum. 4. Add spices. 5. Cook. 6. Serve. 7. Hot. 8. Enjoy.,35
Chivda,veg,normal,flattened rice peanuts spices,140,"1. Heat oil in a pan. 2. Roast 1 cup flattened rice. 3. Add 1/2 cup peanuts, roast. 4. Add spices like chili. 5. Mix well. 6. Remove from heat. 7. Cool completely. 8. Store in airtight container.",15
Cucumber Salad,veg,normal,cucumber tomato onion lemon,100,1. Wash and slice 1 cucumber. 2. Chop 1 tomato and 1 onion. 3. Place in a bowl. 4. Squeeze juice from 1 lemon. 5. Drizzle over vegetables. 6. Season with salt. 7. Toss well. 8. Chill and serve.,10
Dahi Bhalla,veg,normal,lentils yogurt spices,190,"1. Soak 1 cup urad dal and grind into batter. 2. Shape into balls and deep fry until golden. 3. Soak in water for 10 minutes, then squeeze. 4. Mix with sweetened yogurt. 5. Add spices and tamarind chutney. 6. Chill for 30 minutes. 7. Garnish with nuts. 8. Serve cold.",60
Dahi Vada,veg,normal,lentils yogurt spices,210,"1. Grind soaked lentils into batter. 2. Shape into vadas and fry. 3. Soak in water, then squeeze. 4. Dip in yogurt. 5. Add spices and chutney. 6. Chill for 1 hour. 7. Garnish with nuts. 8. Serve cold.",50
Dal Tadka,veg,normal,lentils spices,220,1. Rinse 1 cup toor dal. 2. Pressure cook with water for 10 minutes. 3. Heat 1 tablespoon ghee. 4. Add cumin seeds and red chili. 5. Add hing and curry leaves. 6. Pour over dal. 7. Boil for 5 minutes. 8. Serve with rice.,25
Duck Roast,non-veg,normal,duck spices oil,290,1. Clean duck. 2. Marinate with spices. 3. Preheat oven. 4. Roast for 1 hour. 5. Baste with oil. 6. Check doneness. 7. Rest before serving. 8. Slice and serve.,90
Egg Biryani,non-veg,normal,egg rice spices,280,1. Boil eggs and fry. 2. Cook rice with spices. 3. Sauté onions. 4. Layer rice and eggs. 5. Add saffron. 6. Cook covered. 7. Let sit. 8. Serve warm.,50
Egg Curry,non-veg,normal,egg onion tomato spices,250,"1. Boil 4 eggs and peel. 2. Heat 2 tablespoons oil. 3. Add 1 chopped onion and sauté. 4. Add 2 chopped tomatoes and cook. 5. Add spices like turmeric, chili, garam masala. 6. Add boiled eggs and coat. 7. Add water and simmer for 5 minutes. 8. Serve with rice.",30
Egg Omelette,non-veg,normal,egg onion green chilli,190,1. Beat 2 eggs in a bowl. 2. Chop 1 onion and 1 green chili finely. 3. Add onion and chili to the eggs. 4. Season with salt and pepper. 5. Heat 1 teaspoon oil in a pan. 6. Pour the egg mixture into the pan. 7. Cook for 2-3 minutes until set. 8. Fold and serve hot.,10
Fish Biryani,non-veg,normal,fish rice spices,300,1. Marinate fish in spices. 2. Cook rice. 3. Sauté vegetables. 4. Layer with fish. 5. Add water and cook. 6. Simmer covered. 7. Let rest. 8. Serve hot.,60
Fish Curry,non-veg,normal,fish onion tomato spices,260,"1. Clean and cut 200g fish into pieces. 2. Chop 1 onion and 1 tomato finely. 3. Heat 1 tablespoon oil in a pan. 4. Add chopped onion and sauté until brown. 5. Add tomato and spices like chili, turmeric, and coriander. 6. Cook the masala until oil separates. 7. Add fish pieces and 1 cup water, simmer for 10-15 minutes. 8. Garnish with coriander and serve with rice.",25
Fish Masala,non-veg,normal,fish onion tomato spices,270,1. Clean and cut fish. 2. Marinate in spices. 3. Sauté onions. 4. Add tomatoes and spices. 5. Cook masala. 6. Add fish and simmer. 7. Cook until fish is done. 8. Serve with rice.,35
Fish Tikka,non-veg,normal,fish yogurt spices,240,1. Cut fish into cubes. 2. Marinate in yogurt and spices. 3. Skewer the pieces. 4. Preheat grill. 5. Grill for 10 minutes. 6. Turn occasionally. 7. Brush with oil. 8. Serve with lemon.,40
Fruit Salad,veg,normal,apple banana papaya grapes,120,"1. Wash all the fruits thoroughly under running water. 2. Peel the apple, banana, and papaya if necessary. 3. Chop the apple, banana, papaya, and grapes into bite-sized pieces. 4. Place all the chopped fruits in a large mixing bowl. 5. Gently toss the fruits together to mix evenly. 6. Drizzle with a squeeze of lemon juice to prevent browning (optional). 7. Chill the salad in the refrigerator for 15-20 minutes. 8. Serve fresh as a refreshing snack.",25
Gobi 65,veg,normal,cauliflower spices,280,1. Make batter. 2. Fry gobi. 3. Make sauce. 4. Add gobi. 5. Cook. 6. Serve. 7. Hot. 8. Enjoy.,30
Gobi Manchurian,veg,normal,cauliflower spices,290,"1. Make batter with flour. 2. Dip cauliflower florets. 3. Fry until golden. 4. Make sauce with soy, chili. 5. Add fried gobi. 6. Cook. 7. Serve. 8. Hot.",35
Gobi Masala,veg,normal,cauliflower spices,270,1. Heat oil. 2. Add spices. 3. Add gobi. 4. Cook. 5. Add water. 6. Simmer. 7. Serve. 8. With roti.,35
Idli,veg,normal,rice urad dal,150,1. Soak rice and dal. 2. Grind. 3. Ferment. 4. Steam. 5. Serve. 6. With chutney. 7. Soft. 8. South Indian.,20
Idli Sambhar,veg,normal,rice urad dal vegetables,200,"1. Soak 1 cup rice and 1/2 cup urad dal for 4 hours. 2. Grind into a smooth batter and ferment overnight. 3. Grease idli molds and pour batter. 4. Steam for 10-12 minutes until cooked. 5. For sambhar, boil vegetables like drumstick and tomato. 6. Add dal and spices, cook until thick. 7. Temper with mustard seeds and curry leaves. 8. Serve idli with hot sambhar.",300
Jalebi,veg,normal,flour sugar yogurt,300,"1. Make batter with flour, yogurt, and water. 2. Ferment for 8 hours. 3. Heat oil for frying. 4. Pipe batter into spirals. 5. Fry until golden. 6. Soak in sugar syrup. 7. Drain and serve. 8. Enjoy warm.",45
Kachori,veg,normal,flour lentils spices,280,1. Make dough with 1 cup flour and water. 2. Prepare filling with boiled lentils and spices. 3. Divide dough into balls. 4. Stuff with filling and seal. 5. Roll into flat discs. 6. Heat oil for frying. 7. Fry kachoris until puffed and golden. 8. Serve with chutney.,45
Kadhi Pakora,veg,normal,yogurt spices,250,1. Make kadhi. 2. Fry pakoras. 3. Add. 4. Serve. 5. Punjabi. 6. Yogurt. 7. Comfort. 8. Tangy.,30
Keema,non-veg,normal,minced meat onion peas,280,1. Heat oil and sauté onions. 2. Add minced meat. 3. Cook until browned. 4. Add peas and spices. 5. Simmer with water. 6. Cook until tender. 7. Adjust seasoning. 8. Serve with rice.,40
Kheer,veg,normal,rice milk sugar,300,1. Cook rice. 2. Add milk. 3. Add sugar. 4. Cook. 5. Add nuts. 6. Serve. 7. Cold. 8. Dessert.,40
Khichdi,veg,normal,rice moong dal ghee,170,1. Rinse 1/2 cup rice and 1/4 cup dal. 2. Heat 1 teaspoon ghee. 3. Add cumin seeds. 4. Add rice and dal. 5. Pour 3 cups water. 6. Boil and simmer. 7. Cook until soft. 8. Serve with ghee.,30
Ladoo,veg,normal,flour ghee sugar,280,1. Roast flour in ghee until aromatic. 2. Add sugar and mix. 3. Shape into balls. 4. Let cool. 5. Store in container. 6. Serve as dessert. 7. Garnish if desired. 8. Eat fresh.,30
Lamb Kebab,non-veg,normal,lamb onion spices,250,1. Mince lamb. 2. Chop onion. 3. Mix with spices. 4. Shape into kebabs. 5. Grill on skewers. 6. Cook for 10 minutes. 7. Turn as needed. 8. Serve with sauce.,30
Lucknowi Biryani,non-veg,normal,mutton rice spices,460,1. Marinate mutton. 2. Cook rice. 3. Layer. 4. Dum. 5. Serve. 6. Rich. 7. Awadhi. 8. Mughlai.,65
Masala Dosa,veg,normal,rice urad dal potato spices,350,1. Soak rice and dal. 2. Grind to batter. 3. Ferment. 4. Cook potato filling. 5. Spread batter. 6. Add filling. 7. Fold. 8. Serve with chutney.,25
Masala Vada,veg,normal,chana dal onion green chilli,180,"1. Soak 1 cup chana dal for 2 hours. 2. Drain and grind coarsely. 3. Chop 1 onion and 1 green chili. 4. Mix with dal, add spices. 5. Shape into patties. 6. Heat oil for frying. 7. Fry until golden. 8. Serve with chutney.",30
Masoor Dal,veg,normal,masoor dal spices,200,1. Rinse 1 cup masoor dal. 2. Cook in pressure cooker. 3. Heat 1 tablespoon oil. 4. Add cumin and spices. 5. Add to dal. 6. Boil. 7. Serve. 8. With roti.,30
Moong Dal Soup,veg,normal,moong dal tomato onion spices,120,"1. Rinse 1/2 cup moong dal. 2. Chop 1 tomato and 1 onion. 3. Boil dal in 2 cups water for 15 minutes. 4. Add tomato and onion, cook further. 5. Blend the mixture smooth. 6. Add spices like cumin and pepper. 7. Simmer for 5 minutes. 8. Serve hot.",25
Murukku,veg,normal,rice flour spices,280,1. Make dough. 2. Shape. 3. Fry. 4. Serve. 5. Crispy. 6. Snack. 7. South Indian. 8. Traditional.,30
Mutton Biryani,non-veg,normal,mutton rice spices,350,1. Marinate mutton in yogurt. 2. Cook rice with spices. 3. Sauté onions. 4. Layer rice and mutton. 5. Add saffron. 6. Dum cook for 30 minutes. 7. Fluff and serve. 8. Garnish with nuts.,90
Mutton Chops,non-veg,normal,mutton spices,380,1. Marinate mutton. 2. Fry. 3. Serve. 4. Tender. 5. Appetizer. 6. Mughlai. 7. Rich. 8. Festive.,35
Mutton Curry,non-veg,normal,mutton onion tomato spices,290,1. Clean and cut mutton. 2. Boil mutton until tender. 3. Chop onion and tomato. 4. Sauté onion in oil. 5. Add tomato and spices. 6. Add boiled mutton. 7. Simmer for 20 minutes. 8. Serve with rice.,70
Mutton Keema,non-veg,normal,mutton mince peas spices,290,1. Sauté onions. 2. Add mutton mince. 3. Cook. 4. Add peas. 5. Spices. 6. Simmer. 7. Serve. 8. Hot.,45
Mutton Rogan Josh,non-veg,normal,mutton yogurt spices,330,1. Clean and cut mutton. 2. Marinate in yogurt. 3. Cook with spices. 4. Sauté onions. 5. Add mutton and water. 6. Simmer for 1 hour. 7. Adjust seasoning. 8. Serve with naan.,80
Pakora,veg,normal,vegetables gram flour spices,250,1. Chop vegetables like onions and potatoes. 2. Mix with gram flour batter. 3. Add spices. 4. Heat oil for frying. 5. Drop spoonfuls into hot oil. 6. Fry until golden. 7. Drain on paper towel. 8. Serve with chutney.,25
Paneer Bhurji,veg,normal,paneer onion tomato spices,220,"1. Crumble 200g paneer into small pieces. 2. Finely chop 1 onion and 1 tomato. 3. Heat 1 tablespoon oil in a pan over medium heat. 4. Add chopped onion and saute until golden. 5. Add chopped tomato and cook until soft. 6. Add spices like cumin, turmeric, and chili powder. 7. Stir in the crumbled paneer and cook for 5 minutes. 8. Garnish with coriander and serve hot with roti.",15
Prawn Curry,non-veg,normal,prawn coconut milk spices,290,1. Clean prawns. 2. Grind spices and coconut. 3. Sauté onions. 4. Add ground paste. 5. Add prawns and water. 6. Simmer for 10 minutes. 7. Adjust spices. 8. Serve hot.,30
Prawn Fry,non-veg,normal,prawn spices,260,1. Clean prawns. 2. Marinate. 3. Fry. 4. Serve. 5. Hot. 6. With rice. 7. Garnish. 8. Enjoy.,25
Prawn Masala,non-veg,normal,prawn onion garlic spices,260,"1. Clean prawns. 2. Chop onion and garlic. 3. Heat oil, sauté onion. 4. Add garlic and spices. 5. Add prawns, cook. 6. Add water if needed. 7. Simmer until done. 8. Garnish and serve.",25
Puttu,veg,normal,rice coconut,200,1. Steam rice. 2. Add coconut. 3. Serve. 4. Steamed. 5. Breakfast. 6. Kerala. 7. Healthy. 8. Traditional.,20
Rajma Chawal,veg,normal,kidney beans rice onion tomato,220,"1. Soak 1 cup kidney beans overnight. 2. Boil beans until soft. 3. Chop 1 onion and 1 tomato. 4. Sauté onion, add tomato and spices. 5. Add boiled beans and simmer. 6. Cook 1 cup rice separately. 7. Mix rice with rajma. 8. Serve hot.",60
Rogan Josh,non-veg,normal,lamb yogurt spices,340,1. Cut lamb into pieces. 2. Marinate in yogurt and spices. 3. Cook in pressure cooker. 4. Sauté onions and garlic. 5. Add lamb and simmer. 6. Add Kashmiri chilies. 7. Cook until tender. 8. Serve with rice.,70
Sambar,veg,normal,toor dal vegetables spices,200,1. Cook dal. 2. Add veggies. 3. Add spices. 4. Simmer. 5. Serve. 6. With rice. 7. South Indian. 8. Tangy.,30
Samosa,veg,normal,potato spices,280,1. Make dough. 2. Fill with potato. 3. Shape. 4. Fry. 5. Serve. 6. Hot. 7. Snack. 8. Street food.,30
Sev Puri,veg,normal,puri sev vegetables chutney,220,1. Arrange puris on a plate. 2. Top with chopped potatoes and onions. 3. Add sweet and green chutney. 4. Sprinkle sev and spices. 5. Drizzle yogurt. 6. Add pomegranate seeds. 7. Garnish with coriander. 8. Serve fresh.,20
Turkey Salad,non-veg,normal,turkey lettuce tomato,220,1. Cook turkey breast. 2. Shred it. 3. Chop lettuce and tomato. 4. Mix in bowl. 5. Add dressing. 6. Toss well. 7. Chill. 8. Serve fresh.,30
Vegetable Biryani,veg,normal,rice mixed vegetables spices,250,"1. Rinse 1 cup basmati rice and soak for 30 minutes. 2. Chop mixed vegetables like carrots, peas, and beans. 3. Heat 1 tablespoon oil in a pot. 4. Add whole spices and sauté vegetables. 5. Add rice and 2 cups water. 6. Bring to boil, then simmer covered. 7. Cook for 15-20 minutes until rice is done. 8. Fluff and serve hot.",50
Vegetable Curry,veg,normal,vegetables spices,250,1. Heat oil. 2. Add cumin. 3. Add mixed vegetables. 4. Add spices. 5. Add water. 6. Simmer. 7. Serve. 8. With rice.,35
Vegetable Dosa,veg,normal,rice urad dal onion carrot,200,1. Soak 1 cup rice and 1/2 cup urad dal for 4 hours. 2. Grind into batter and ferment overnight. 3. Chop 1 onion and 1 carrot finely. 4. Heat a griddle and pour batter. 5. Spread thinly and add veggies on top. 6. Cook until golden on both sides. 7. Serve with chutney. 8. Repeat for more dosas.,300
Vegetable Poha,veg,normal,poha onion carrot peas,170,"1. Rinse 1 cup poha and soak for 5 minutes. 2. Chop 1 onion, 1 carrot, and 1/2 cup peas. 3. Heat 1 tablespoon oil in a pan. 4. Add mustard seeds and let them splutter. 5. Add chopped onion and sauté until golden. 6. Add carrot and peas, cook for 5 minutes. 7. Drain poha and add to the pan, mix well. 8. Cook for 2-3 minutes and serve.",15
Vegetable Upma,veg,normal,semolina carrot beans onion,180,"1. Heat 1 tablespoon of oil in a pan over medium heat. 2. Add 1/2 teaspoon of mustard seeds and allow them to splutter. 3. Add 1 finely chopped onion and sauté until it turns golden brown. 4. Add 1 chopped carrot and 1/2 cup chopped beans, and cook for 5 minutes until slightly tender. 5. Stir in 1 cup of roasted semolina (rava) and mix well to combine. 6. Gradually pour in 2 cups of water while stirring continuously to avoid lumps. 7. Cook the mixture on low heat for 10-15 minutes until the water is absorbed and the upma thickens. 8. Garnish with fresh coriander leaves and serve hot.",30
Vindaloo,non-veg,normal,pork vinegar spices,350,1. Marinate pork in vinegar and spices. 2. Grind spices into paste. 3. Cook pork until tender. 4. Sauté onions. 5. Add paste and pork. 6. Simmer with water. 7. Adjust tanginess. 8. Serve hot.,60
Aloo Gobi,veg,diabetes,potato cauliflower onion spices,160,"1. Chop 2 potatoes and 1 cup cauliflower florets. 2. Chop 1 onion finely. 3. Heat 1 tablespoon oil in a pan. 4. Add cumin seeds and let them splutter. 5. Sauté onion until translucent. 6. Add potatoes and cauliflower, cook for 10 minutes. 7. Add spices like turmeric and coriander. 8. Simmer until vegetables are tender, serve warm.",35
Aloo Gobi Masala,veg,diabetes,potato cauliflower spices,260,1. Heat oil. 2. Add spices. 3. Add vegetables. 4. Cook. 5. Add water. 6. Simmer. 7. Serve. 8. With roti.,40
Aloo Matar,veg,diabetes,potato peas spices,240,1. Heat 2 tablespoons oil. 2. Add cumin seeds. 3. Add 2 chopped potatoes. 4. Add 1 cup peas. 5. Add spices. 6. Cook covered for 15 minutes. 7. Stir. 8. Serve with puri.,35
Aloo Paratha,veg,diabetes,potato flour spices,280,"1. Make wheat dough. 2. Boil potatoes, mash with spices. 3. Stuff dough. 4. Roll. 5. Cook on tawa. 6. Flip. 7. Serve. 8. With curd.",40
Besan Chilla,veg,diabetes,gram flour spinach onion,170,1. Mix 1 cup gram flour with water to make batter. 2. Chop 1 cup spinach and 1 onion. 3. Add to batter along with spices. 4. Heat a non-stick pan. 5. Pour batter and spread thinly. 6. Cook until edges are golden. 7. Flip and cook the other side. 8. Serve with chutney.,20
Bhindi Do Pyaza,veg,diabetes,okra onion spices,230,1. Cook bhindi. 2. Add onions. 3. Simmer. 4. Serve. 5. North Indian. 6. Dry. 7. Side. 8. Tasty.,25
Bhindi Masala,veg,diabetes,okra onion spices,220,1. Wash bhindi. 2. Heat oil. 3. Add spices. 4. Add bhindi. 5. Cook. 6. Stir. 7. Serve. 8. Dry.,25
Bitter Gourd Stir Fry,veg,diabetes,bitter gourd onion spices,110,1. Slice gourd. 2. Chop onion. 3. Heat oil. 4. Sauté onion. 5. Add gourd. 6. Add spices. 7. Cook until tender. 8. Serve.,20
Broccoli Stir Fry,veg,diabetes,broccoli garlic oil,120,1. Cut broccoli. 2. Chop garlic. 3. Heat oil. 4. Add garlic. 5. Add broccoli. 6. Stir fry. 7. Season. 8. Serve.,15
Cabbage Sabzi,veg,diabetes,cabbage spices,150,1. Chop cabbage. 2. Heat oil. 3. Add spices. 4. Add cabbage. 5. Cook. 6. Serve. 7. Light. 8. Healthy.,20
Cauliflower Rice,veg,diabetes,cauliflower spices,90,1. Grate cauliflower. 2. Heat oil. 3. Add spices. 4. Add cauliflower. 5. Stir fry. 6. Cook for 5 minutes. 7. Season. 8. Serve.,15
Chana Masala,veg,diabetes,chickpeas onion tomato spices,280,"1. Soak 1 cup chana overnight. 2. Pressure cook chana for 20 minutes. 3. Heat 2 tablespoons oil. 4. Add 1 chopped onion and sauté. 5. Add 2 chopped tomatoes and cook. 6. Add spices like cumin, coriander, chili. 7. Add cooked chana and simmer. 8. Garnish with coriander.",45
Chicken Breast Salad,non-veg,diabetes,chicken breast lettuce cucumber,180,1. Grill chicken. 2. Slice. 3. Chop veggies. 4. Mix. 5. Dress. 6. Toss. 7. Chill. 8. Serve.,30
Chicken Korma,non-veg,diabetes,chicken yogurt spices,390,1. Marinate chicken. 2. Heat oil. 3. Add spices. 4. Add chicken. 5. Add yogurt. 6. Cook. 7. Serve. 8. Mild.,45
Chicken Masala,non-veg,diabetes,chicken tomato spices,350,1. Clean chicken. 2. Heat oil. 3. Add onion. 4. Add spices. 5. Add chicken. 6. Cook. 7. Serve. 8. With rice.,40
Chicken Soup,non-veg,diabetes,chicken carrot celery,150,1. Boil chicken. 2. Chop veggies. 3. Add to pot. 4. Simmer. 5. Shred chicken. 6. Season. 7. Serve. 8. Hot.,40
Cucumber Raita,veg,diabetes,cucumber yogurt spices,100,1. Grate cucumber. 2. Mix yogurt. 3. Add spices. 4. Chill. 5. Serve. 6. Cool. 7. Accompaniment. 8. Refreshing.,10
Dal Khichdi,veg,diabetes,rice dal turmeric cumin,180,"1. Rinse 1/2 cup rice and 1/4 cup dal together. 2. In a pot, heat 1 teaspoon ghee or oil. 3. Add 1/2 teaspoon cumin seeds and let them splutter. 4. Add the rinsed rice and dal mixture. 5. Add 1/4 teaspoon turmeric powder and mix well. 6. Pour in 3 cups of water and bring to a boil. 7. Reduce heat and simmer for 20-25 minutes until soft. 8. Stir occasionally, season, and serve warm.",35
Dhokla,veg,diabetes,rice dal yogurt,150,"1. Soak rice and dal for 4 hours, grind to batter. 2. Ferment overnight with yogurt. 3. Add spices and steam in molds. 4. Cook for 15 minutes. 5. Let cool and cut into pieces. 6. Temper with mustard seeds. 7. Garnish with coriander. 8. Serve with chutney.",30
Egg Biryani,non-veg,diabetes,egg rice spices,320,1. Boil 4 eggs. 2. Cook 2 cups rice. 3. Fry onions. 4. Layer eggs and rice. 5. Add spices. 6. Cook. 7. Serve. 8. With raita.,45
Egg Curry,non-veg,diabetes,egg spices,250,1. Boil eggs. 2. Heat oil. 3. Add onion. 4. Add spices. 5. Add eggs. 6. Cook. 7. Serve. 8. With rice.,30
Egg Masala,non-veg,diabetes,egg spices,240,1. Boil eggs. 2. Heat oil. 3. Add onion. 4. Add spices. 5. Add eggs. 6. Cook. 7. Serve. 8. With rice.,25
Egg White Omelette,non-veg,diabetes,egg white spinach,140,1. Beat egg whites. 2. Chop spinach. 3. Heat pan. 4. Pour eggs. 5. Add spinach. 6. Cook. 7. Fold. 8. Serve.,10
Eggplant Curry,veg,diabetes,eggplant tomato spices,150,1. Cut eggplant. 2. Chop tomato. 3. Heat oil. 4. Sauté spices. 5. Add veggies. 6. Cook. 7. Simmer. 8. Serve.,25
Fish Amritsari,non-veg,diabetes,fish spices,320,1. Marinate fish. 2. Fry. 3. Serve. 4. Crispy. 5. Punjabi. 6. Famous. 7. Street food. 8. Spicy.,30
Grilled Fish,non-veg,diabetes,fish lemon herbs,160,1. Marinate fish. 2. Preheat grill. 3. Grill. 4. Turn. 5. Cook through. 6. Rest. 7. Serve. 8. With lemon.,25
Gulab Jamun,veg,diabetes,milk powder sugar,350,1. Make dough. 2. Shape. 3. Fry. 4. Soak in syrup. 5. Serve. 6. Sweet. 7. Festive. 8. Dessert.,45
Idiyappam,veg,diabetes,rice,160,1. Make dough. 2. Press. 3. Steam. 4. Serve. 5. String. 6. Breakfast. 7. Kerala. 8. Light.,25
Kachori,veg,diabetes,flour dal spices,350,1. Make dough. 2. Fill with dal. 3. Fry. 4. Serve. 5. With chutney. 6. Flaky. 7. Snack. 8. Rajasthani.,35
Kheer,veg,diabetes,rice milk nuts,160,1. Rinse 1/2 cup rice and cook in milk. 2. Stir until thick. 3. Add cardamom and nuts. 4. Sweeten with jaggery if allowed. 5. Cook on low heat. 6. Let cool. 7. Garnish with saffron. 8. Serve chilled.,40
Kolkata Biryani,non-veg,diabetes,chicken potato spices,430,1. Marinate chicken. 2. Cook rice. 3. Add potato. 4. Dum. 5. Serve. 6. Potato. 7. Bengali. 8. Unique.,55
Lamb Curry,non-veg,diabetes,lamb coconut spices,410,1. Clean lamb. 2. Heat oil. 3. Add spices. 4. Add lamb. 5. Add coconut. 6. Cook. 7. Simmer. 8. Serve.,55
Makhanwala,veg,diabetes,paneer cream spices,360,1. Cook paneer. 2. Add cream. 3. Simmer. 4. Serve. 5. Rich. 6. Mughlai. 7. Festive. 8. Creamy.,35
Mixed Vegetable Curry,veg,diabetes,vegetables spices,240,1. Chop veggies. 2. Heat oil. 3. Add spices. 4. Add veggies. 5. Cook. 6. Serve. 7. Balanced. 8. Nutritious.,35
Mushroom Soup,veg,diabetes,mushroom onion herbs,110,1. Chop mushrooms. 2. Sauté onion. 3. Add mushrooms. 4. Add water. 5. Simmer. 6. Blend. 7. Season. 8. Serve.,25
Mutton Stew,non-veg,diabetes,mutton vegetables,280,1. Cook mutton. 2. Add veggies. 3. Simmer. 4. Serve. 5. Light. 6. Kerala. 7. Comfort. 8. Hearty.,45
Mutton Vindaloo,non-veg,diabetes,mutton vinegar spices,430,1. Marinate mutton. 2. Heat oil. 3. Add spices. 4. Add mutton. 5. Cook. 6. Simmer. 7. Serve. 8. Spicy.,55
Oats Idli,veg,diabetes,oats curd carrot,160,1. Grind 1 cup oats into flour. 2. Mix with 1/2 cup curd to make batter. 3. Grate 1 carrot and add to batter. 4. Add water to achieve idli batter consistency. 5. Grease idli molds and pour batter. 6. Steam for 10-12 minutes. 7. Let cool and demold. 8. Serve with chutney.,25
Oats Porridge,veg,diabetes,oats milk nuts,140,"1. Rinse 1/2 cup of oats under cold water. 2. In a saucepan, bring 1 cup of milk to a boil over medium heat. 3. Add the rinsed oats to the boiling milk and stir well. 4. Reduce the heat to low and simmer for 5-7 minutes, stirring occasionally. 5. Chop a handful of nuts (like almonds or walnuts) and add them to the porridge. 6. Continue cooking for another 2-3 minutes until the oats are soft and creamy. 7. Remove from heat and let it cool slightly. 8. Serve warm, optionally sweetened with a natural sweetener if allowed.",15
Palak Paneer,veg,diabetes,spinach paneer spices,260,"1. Boil 2 cups spinach. 2. Blend into paste. 3. Heat 1 tablespoon oil. 4. Add paneer cubes and fry. 5. Add spinach paste. 6. Add spices like cumin, garam masala. 7. Cook for 5 minutes. 8. Serve with roti.",35
Paneer Chilli,veg,diabetes,paneer capsicum spices,310,1. Cut paneer. 2. Fry. 3. Add capsicum. 4. Add spices. 5. Cook. 6. Serve. 7. Hot. 8. Enjoy.,30
Quinoa Salad,veg,diabetes,quinoa cucumber tomato,130,1. Rinse quinoa. 2. Cook in water. 3. Chop veggies. 4. Mix with quinoa. 5. Add lemon. 6. Season. 7. Toss. 8. Serve.,25
Rajma,veg,diabetes,kidney beans onion tomato spices,300,"1. Soak 1 cup rajma overnight. 2. Pressure cook with water for 20 minutes. 3. Heat 2 tablespoons oil. 4. Add 1 chopped onion and sauté. 5. Add 2 chopped tomatoes and cook. 6. Add spices like cumin, turmeric, chili. 7. Add cooked rajma and simmer for 10 minutes. 8. Serve with rice.",50
Rajma Curry,veg,diabetes,kidney beans spices,280,1. Soak rajma. 2. Cook. 3. Heat oil. 4. Add onion. 5. Add spices. 6. Add rajma. 7. Simmer. 8. Serve.,50
Ras Malai,veg,diabetes,cheese milk sugar,140,1. Make cheese from milk. 2. Knead and shape into balls. 3. Boil in sugar syrup. 4. Cook until soft. 5. Cool in syrup. 6. Squeeze gently. 7. Serve in bowls. 8. Garnish with pistachios.,60
Shrimp Salad,non-veg,diabetes,shrimp lettuce tomato,170,1. Boil shrimp. 2. Peel. 3. Chop veggies. 4. Mix. 5. Dress. 6. Toss. 7. Chill. 8. Serve.,20
Spinach Soup,veg,diabetes,spinach onion garlic,100,1. Wash spinach. 2. Chop onion and garlic. 3. Boil water. 4. Add veggies. 5. Simmer. 6. Blend. 7. Season. 8. Serve.,20
Turkey Stir Fry,non-veg,diabetes,turkey broccoli garlic,190,1. Cut turkey. 2. Chop veggies. 3. Heat oil. 4. Stir fry turkey. 5. Add veggies. 6. Cook. 7. Season. 8. Serve.,20
Vada,veg,diabetes,urad dal spices,250,1. Soak dal. 2. Grind. 3. Shape. 4. Fry. 5. Serve. 6. With chutney. 7. Crispy. 8. Snack.,25
Vegetable Biryani,veg,diabetes,rice vegetables spices,320,1. Cook rice. 2. Sauté vegetables. 3. Add spices. 4. Layer. 5. Cook. 6. Dum. 7. Serve.,50
Vegetable Jalfrezi,veg,diabetes,vegetables spices,260,1. Chop veggies. 2. Heat oil. 3. Add spices. 4. Add veggies. 5. Cook. 6. Serve. 7. Stir-fry. 8. Healthy.,25
Vegetable Korma,veg,diabetes,vegetables coconut spices,290,1. Chop veggies. 2. Heat oil. 3. Add spices. 4. Add veggies. 5. Add coconut. 6. Cook. 7. Serve. 8. Creamy.,40
Vegetable Pulao,veg,diabetes,rice vegetables spices,300,1. Cook rice. 2. Sauté veggies. 3. Add spices. 4. Mix. 5. Cook. 6. Serve. 7. Fragrant. 8. Light.,35
Zucchini Noodles,veg,diabetes,zucchini tomato sauce,140,1. Spiralize zucchini. 2. Heat sauce. 3. Cook zucchini. 4. Mix. 5. Simmer. 6. Season. 7. Serve. 8. Garnish.,20
Baingan Bharta,veg,bp,eggplant onion spices,230,"1. Roast 1 eggplant over flame. 2. Peel and mash. 3. Heat 2 tablespoons oil. 4. Add 1 chopped onion. 5. Add spices like cumin, chili. 6. Add mashed eggplant. 7. Cook for 10 minutes. 8. Serve with roti.",35
Berry Smoothie,veg,bp,berries yogurt milk,100,1. Wash berries. 2. Blend. 3. Add yogurt. 4. Add milk. 5. Blend again. 6. Pour. 7. Serve. 8. Cold.,10
Bhindi Masala,veg,bp,okra onion spices,200,"1. Wash and chop 250g bhindi. 2. Heat 2 tablespoons oil. 3. Add bhindi and sauté. 4. Add 1 chopped onion. 5. Add spices like cumin, coriander. 6. Cook until bhindi is tender. 7. Stir occasionally. 8. Serve with roti.",30
Brown Rice Bowl,veg,bp,brown rice spinach beans,160,1. Cook rice. 2. Steam spinach. 3. Drain beans. 4. Mix. 5. Season. 6. Serve. 7. Warm. 8. Nutritious.,30
Chana Dal,veg,bp,chana dal spices,220,1. Rinse dal. 2. Cook. 3. Heat ghee. 4. Add spices. 5. Add dal. 6. Simmer. 7. Serve. 8. Comfort.,35
Chicken Breast Grill,non-veg,bp,chicken breast spices,190,1. Marinate chicken. 2. Preheat grill. 3. Grill. 4. Turn. 5. Cook. 6. Rest. 7. Serve. 8. Sliced.,35
Chicken Fry,non-veg,bp,chicken spices,340,1. Marinate chicken. 2. Heat oil. 3. Fry. 4. Drain. 5. Serve. 6. Crispy. 7. Spicy. 8. Andhra.,25
Chicken Korma,non-veg,bp,chicken yogurt spices,380,1. Marinate 500g chicken in yogurt. 2. Heat 2 tablespoons oil. 3. Add 1 chopped onion. 4. Add spices. 5. Add chicken. 6. Add yogurt. 7. Cook for 20 minutes. 8. Serve.,45
Chili Chicken,non-veg,bp,chicken capsicum spices,350,1. Marinate chicken. 2. Heat oil. 3. Fry chicken. 4. Add capsicum. 5. Add spices. 6. Cook. 7. Serve. 8. Indo-Chinese.,30
Dal Tadka,veg,bp,toor dal spices,250,1. Cook dal. 2. Heat ghee. 3. Add spices. 4. Add dal. 5. Boil. 6. Serve. 7. With rice. 8. Classic.,35
Fish Biryani,non-veg,bp,fish rice spices,380,1. Marinate fish. 2. Cook rice. 3. Fry onions. 4. Layer. 5. Dum. 6. Serve. 7. Seafood. 8. Aromatic.,50
Fish Curry,non-veg,bp,fish coconut spices,300,1. Clean fish. 2. Grind paste. 3. Heat oil. 4. Add paste. 5. Add fish. 6. Cook. 7. Serve. 8. With rice.,35
Grilled Salmon,non-veg,bp,salmon lemon herbs,200,1. Season salmon. 2. Preheat grill. 3. Grill. 4. Turn. 5. Cook. 6. Rest. 7. Serve. 8. With lemon.,25
Heart-Healthy Oatmeal,veg,bp,oats banana almonds,140,1. Boil oats. 2. Slice banana. 3. Chop almonds. 4. Top oats. 5. Mix. 6. Serve. 7. Warm. 8. Healthy.,15
Khakra,veg,bp,flour spices,200,1. Make dough. 2. Roll thin. 3. Bake. 4. Serve. 5. Crispy. 6. Snack. 7. Gujarati. 8. Healthy.,20
Ladoo,veg,bp,flour ghee sugar,320,1. Roast flour. 2. Add ghee. 3. Add sugar. 4. Shape. 5. Serve. 6. Sweet. 7. Traditional. 8. Snack.,25
Lamb Curry,non-veg,bp,lamb spices,390,1. Clean lamb. 2. Heat oil. 3. Add onion. 4. Add spices. 5. Add lamb. 6. Cook. 7. Simmer. 8. Serve.,55
Lamb Masala,non-veg,bp,lamb spices,400,1. Clean lamb. 2. Heat oil. 3. Add onion. 4. Add spices. 5. Add lamb. 6. Cook. 7. Simmer. 8. Serve.,55
Lamb Vindaloo,non-veg,bp,lamb vinegar spices,400,1. Marinate lamb. 2. Heat oil. 3. Add spices. 4. Add lamb. 5. Cook. 6. Simmer. 7. Serve. 8. Spicy.,50
Lauki Chana,veg,bp,bottle gourd chickpeas,210,1. Cook lauki. 2. Add chana. 3. Simmer. 4. Serve. 5. North Indian. 6. Light. 7. Healthy. 8. Protein.,35
Lean Turkey Stir Fry,non-veg,bp,turkey broccoli garlic,180,1. Cut turkey. 2. Chop veggies. 3. Heat oil. 4. Stir fry turkey. 5. Add broccoli. 6. Cook. 7. Season. 8. Serve.,20
Low-Sodium Vegetable Stir Fry,veg,bp,broccoli carrot bell pepper garlic,120,1. Chop veggies. 2. Heat oil. 3. Add garlic. 4. Stir fry veggies. 5. Cook. 6. Season lightly. 7. Serve. 8. Hot.,15
Methi Aloo,veg,bp,fenugreek potato spices,210,1. Chop methi. 2. Heat oil. 3. Add spices. 4. Add veggies. 5. Cook. 6. Serve. 7. Bitter. 8. Healthy.,25
Mutton Curry,non-veg,bp,mutton onion spices,380,1. Clean and cut 500g mutton. 2. Pressure cook mutton with water for 15 minutes. 3. Heat 2 tablespoons oil. 4. Add 2 chopped onions and sauté. 5. Add ginger-garlic paste and spices. 6. Add cooked mutton and stir. 7. Add water and simmer for 20 minutes. 8. Serve with roti.,55
Namak Pare,veg,bp,flour spices,260,1. Make dough. 2. Cut. 3. Fry. 4. Serve. 5. Salty. 6. Snack. 7. Punjabi. 8. Tea time.,20
Paneer Butter Masala,veg,bp,paneer tomato cream spices,380,1. Heat butter. 2. Add onion. 3. Add tomatoes. 4. Add spices. 5. Add paneer. 6. Add cream. 7. Cook. 8. Serve.,40
Paneer Masala,veg,bp,paneer spices,340,1. Heat oil. 2. Add onion. 3. Add spices. 4. Add paneer. 5. Cook. 6. Add cream. 7. Serve. 8. Hot.,30
Paneer Pasanda,veg,bp,paneer cream spices,360,1. Stuff paneer. 2. Heat oil. 3. Add spices. 4. Add paneer. 5. Add cream. 6. Cook. 7. Serve. 8. Mughlai.,40
Paneer Tikka Masala,veg,bp,paneer tomato spices,360,1. Grill paneer. 2. Heat oil. 3. Add onion. 4. Add tomatoes. 5. Add spices. 6. Add paneer. 7. Cook. 8. Serve.,45
Poha,veg,bp,flattened rice spices,220,1. Rinse poha. 2. Heat oil. 3. Add spices. 4. Add poha. 5. Cook. 6. Serve. 7. Light. 8. Maharashtrian.,15
Pork Vindaloo,non-veg,bp,pork vinegar spices,410,1. Marinate pork. 2. Heat oil. 3. Add spices. 4. Add pork. 5. Cook. 6. Simmer. 7. Serve. 8. Goan.,50
Prawn Curry,non-veg,bp,prawns spices,330,1. Clean prawns. 2. Heat oil. 3. Add spices. 4. Add prawns. 5. Cook. 6. Serve. 7. Kerala style. 8. Coconut.,30
Quinoa Salad,veg,bp,quinoa cucumber tomato,130,1. Cook quinoa. 2. Chop veggies. 3. Mix. 4. Dress. 5. Toss. 6. Chill. 7. Serve. 8. Fresh.,25
Rajma,veg,bp,kidney beans spices,320,1. Soak rajma. 2. Cook. 3. Add spices. 4. Simmer. 5. Serve. 6. Punjabi. 7. Comfort. 8. Protein.,45
Rajma Chawal,veg,bp,kidney beans rice spices,380,1. Soak rajma. 2. Cook. 3. Heat oil. 4. Add spices. 5. Add rajma. 6. Simmer. 7. Serve with rice. 8. Comforting.,45
Rajma Masala,veg,bp,kidney beans spices,320,1. Soak rajma. 2. Cook. 3. Heat oil. 4. Add spices. 5. Add rajma. 6. Simmer. 7. Serve. 8. Punjabi.,45
Shahi Paneer,veg,bp,paneer cream spices,370,1. Cook paneer. 2. Add cream. 3. Simmer. 4. Serve. 5. Royal. 6. Mughlai. 7. Festive. 8. Creamy.,35
Sweet Potato Soup,veg,bp,sweet potato onion herbs,110,1. Chop veggies. 2. Boil. 3. Blend. 4. Season. 5. Simmer. 6. Serve. 7. Hot. 8. Creamy.,30
Thalassery Biryani,non-veg,bp,mutton rice spices,440,1. Marinate mutton. 2. Cook rice. 3. Layer. 4. Dum. 5. Serve. 6. Aromatic. 7. Malabar. 8. Royal.,55
Vegetable Khichdi,veg,bp,rice dal vegetables spices,250,1. Rinse rice and dal. 2. Cook. 3. Add vegetables. 4. Cook. 5. Heat ghee. 6. Add spices. 7. Serve. 8. Hot.,40
Aloo Paratha,veg,fever,potato flour spices,300,1. Make dough. 2. Make filling. 3. Stuff. 4. Roll. 5. Cook. 6. Serve. 7. With yogurt. 8. Punjabi.,30
Baingan Masala,veg,fever,eggplant spices,220,1. Cook eggplant. 2. Add spices. 3. Simmer. 4. Serve. 5. North Indian. 6. Tangy. 7. Side. 8. Comfort.,30
Carrot Ginger Soup,veg,fever,carrot ginger onion,95,1. Chop veggies. 2. Sauté onion. 3. Add carrots. 4. Add ginger. 5. Boil. 6. Blend. 7. Season. 8. Serve.,30
Chicken Broth,non-veg,fever,chicken bones carrot onion,110,1. Boil bones. 2. Chop veggies. 3. Add to pot. 4. Simmer. 5. Strain. 6. Season. 7. Serve. 8. Hot.,60
Chicken Soup,non-veg,fever,chicken carrot onion pepper,150,"1. Clean and cut 100g chicken into small pieces. 2. Chop 1 carrot and 1 onion finely. 3. In a pot, add chicken, carrots, onion, and 4 cups water. 4. Bring to a boil over medium heat. 5. Add a pinch of black pepper and reduce heat to simmer. 6. Cook for 20-25 minutes until chicken is tender. 7. Remove chicken bones if any, and shred the meat. 8. Season the soup and serve hot.",35
Chicken Tikka Masala,non-veg,fever,chicken tomato cream spices,380,1. Marinate chicken. 2. Grill. 3. Heat oil. 4. Add spices. 5. Add chicken. 6. Add cream. 7. Cook. 8. Serve.,40
Chicken Vindaloo,non-veg,fever,chicken vinegar spices,390,1. Marinate chicken. 2. Heat oil. 3. Add spices. 4. Add chicken. 5. Cook. 6. Serve. 7. Spicy. 8. Goan.,40
Coconut Water,veg,fever,coconut water lime,70,1. Extract water. 2. Add lime. 3. Chill. 4. Serve. 5. Fresh. 6. Hydrating. 7. Simple. 8. Enjoy.,5
Dhokla,veg,fever,rice dal yogurt,160,1. Soak rice and dal. 2. Grind. 3. Ferment. 4. Steam. 5. Temper. 6. Serve. 7. Steamed. 8. Gujarati.,25
Drumstick Curry,veg,fever,drumstick coconut spices,230,1. Clean drumstick. 2. Heat oil. 3. Add spices. 4. Add drumstick. 5. Add coconut. 6. Cook. 7. Serve. 8. South Indian.,35
Duck Soup,non-veg,fever,duck onion spices,135,1. Boil duck. 2. Chop onion. 3. Add spices. 4. Simmer. 5. Strain. 6. Season. 7. Serve. 8. Hot.,80
Dum Aloo,veg,fever,potato spices,280,1. Boil potato. 2. Fry. 3. Cook with spices. 4. Serve. 5. Kashmiri. 6. Rich. 7. Side. 8. Festive.,35
Egg Bhurji,non-veg,fever,egg onion spices,220,1. Beat eggs. 2. Heat oil. 3. Add onion. 4. Add spices. 5. Add eggs. 6. Scramble. 7. Serve. 8. Quick.,15
Egg Curry,non-veg,fever,egg tomato spices,280,1. Boil eggs. 2. Heat oil. 3. Add spices. 4. Add tomato. 5. Add eggs. 6. Cook. 7. Serve. 8. With rice.,25
Egg Drop Soup,non-veg,fever,egg broth spices,120,1. Heat broth. 2. Beat egg. 3. Pour egg. 4. Stir. 5. Season. 6. Simmer. 7. Serve. 8. Hot.,15
Egg Masala,non-veg,fever,egg tomato spices,260,1. Boil eggs. 2. Heat oil. 3. Add spices. 4. Add tomato. 5. Add eggs. 6. Cook. 7. Serve.,25
Fish Curry,non-veg,fever,fish coconut milk spices,280,"1. Clean and cut 500g fish into pieces. 2. Grind coconut, chili, and spices into paste. 3. Heat 2 tablespoons oil. 4. Add mustard seeds and curry leaves. 5. Add ground paste and cook for 5 minutes. 6. Add 1 cup coconut milk and water. 7. Add fish pieces and simmer for 10 minutes with salt to taste only if needed before serving.",30
Fish Fry,non-veg,fever,fish spices,310,"1. Marinate fish with salt, turmeric, and ginger powder for at least half an hour or up to overnight in the refrigerator before cooking it in a pan with oil on medium heat until golden brown on both sides.",20
Fish Masala,non-veg,fever,fish spices,320,1.Clean fish thoroughly and pat dry with kitchen towel or paper towels to remove excess moisture from the surface of the fish pieces before cooking them in a pan with oil on medium heat until golden brown on both sides.,30
Fish Molee,non-veg,fever,fish coconut milk spices,300,1.Cook fish in a pot with water until tender (about ten minutes). Then add coconut milk and simmer for another five minutes until the sauce thickens slightly but remains creamy.,35
Fish Soup,non-veg,fever,fish onion pepper,130,"1.Clean fish thoroughly and pat dry with kitchen towel or paper towels to remove excess moisture from the surface of the fish pieces before cooking them in a pot with water until tender (about ten minutes). Then add chopped onions, black pepper powder, salt to taste, and simmer for another five minutes.",25
Fish Tawa,non-veg,fever,fish spices,300,"1.Marinate fish with salt, turmeric, and ginger powder for at least half an hour or up to overnight in the refrigerator before cooking it in a tawa (griddle) on medium heat until golden brown on both sides.",25
Ginger Tea,veg,fever,ginger lemon honey,80,1. Slice ginger. 2. Boil water. 3. Add ginger. 4. Steep. 5. Add lemon. 6. Sweeten. 7. Strain. 8. Serve.,10
Herbal Soup,veg,fever,herbs onion garlic,100,1. Chop veggies. 2. Boil water. 3. Add herbs. 4. Simmer. 5. Strain. 6. Season. 7. Serve. 8. Hot.,20
Jalebi,veg,fever,flour sugar,400,1. Make batter. 2. Ferment. 3. Fry. 4. Soak in syrup. 5. Serve. 6. Crispy. 7. Sweet. 8. Festival.,30
Kozhikode Biryani,non-veg,fever,chicken rice spices,420,1. Marinate chicken. 2. Cook rice. 3. Layer. 4. Dum. 5. Serve. 6. Mild. 7. Malabar. 8. Famous.,50
Lean Mutton Soup,non-veg,fever,mutton carrot pepper,140,1. Boil mutton. 2. Chop carrot. 3. Add to pot. 4. Simmer. 5. Season. 6. Serve. 7. Hot. 8. Hearty.,70
Lemon Rice,veg,fever,rice lemon turmeric,120,1. Cook rice. 2. Heat oil. 3. Add spices. 4. Add lemon. 5. Mix rice. 6. Cook. 7. Serve. 8. Hot.,20
Malai Kofta,veg,fever,paneer cream spices,380,1. Make koftas. 2. Fry. 3. Cook gravy. 4. Serve. 5. Mughlai. 6. Festive. 7. Rich. 8. Balls.,40
Methi Malai Mutter,veg,fever,fenugreek peas cream spices,270,1. Clean methi. 2. Heat oil. 3. Add spices. 4. Add methi. 5. Add peas. 6. Add cream. 7. Cook. 8. Serve.,35
Mint Tea,veg,fever,mint lemon honey,75,1. Boil water. 2. Add mint. 3. Steep. 4. Add lemon. 5. Sweeten. 6. Strain. 7. Serve. 8. Hot.,10
Moong Dal,veg,fever,moong dal spices,180,1. Rinse 1 cup moong dal. 2. Pressure cook with water. 3. Heat 1 tablespoon ghee. 4. Add cumin seeds. 5. Add to dal. 6. Add turmeric. 7. Boil. 8. Serve with rice.,25
Moong Dal Khichdi,veg,fever,moong dal rice spices,220,1. Rinse dal and rice. 2. Cook together. 3. Heat ghee. 4. Add cumin. 5. Add to khichdi. 6. Boil. 7. Serve. 8. With curd.,30
Moong Dal Soup,veg,fever,moong dal spices,160,1. Rinse dal. 2. Cook. 3. Blend. 4. Heat. 5. Add spices. 6. Boil. 7. Serve. 8. Hot.,25
Mutton Curry,non-veg,fever,mutton spices,380,1. Clean mutton. 2. Pressure cook. 3. Heat oil. 4. Add onion. 5. Add spices. 6. Add mutton. 7. Cook. 8. Serve.,55
Mutton Keema,non-veg,fever,mutton spices,360,1. Clean 250g mutton. 2. Heat oil. 3. Add onion. 4. Add mutton. 5. Add spices. 6. Cook for 20 minutes. 7. Serve. 8. With bread.,35
Pepper Rasam,veg,fever,tomato pepper cumin,90,1. Chop tomato. 2. Boil water. 3. Add spices. 4. Simmer. 5. Add tomato. 6. Cook. 7. Season. 8. Serve.,15
Prawn Biryani,non-veg,fever,prawns rice spices,360,1. Clean prawns. 2. Cook rice. 3. Fry onions. 4. Layer. 5. Cook. 6. Serve. 7. With salad. 8. Hot.,50
Prawn Fry,non-veg,fever,prawns spices,280,1. Clean prawns. 2. Marinate. 3. Heat oil. 4. Fry. 5. Cook. 6. Drain. 7. Serve. 8. With rice.,20
Prawn Masala,non-veg,fever,prawns onion spices,290,"1. Clean 250g prawns. 2. Heat 2 tablespoons oil. 3. Add 1 chopped onion and sauté. 4. Add ginger-garlic paste. 5. Add spices like turmeric, chili. 6. Add prawns and cook for 5 minutes. 7. Add coconut milk. 8. Simmer and serve.",20
Rasam,veg,fever,tomato dal spices,150,1. Cook dal. 2. Add tomato. 3. Add spices. 4. Boil. 5. Serve. 6. Hot. 7. Soup-like. 8. Healing.,20
Shrimp Broth,non-veg,fever,shrimp onion garlic,125,1. Boil shrimp. 2. Chop veggies. 3. Add to pot. 4. Simmer. 5. Strain. 6. Season. 7. Serve. 8. Hot.,25
Tomato Rasam,veg,fever,tomato garlic pepper cumin,80,1. Chop 2 tomatoes and 2 garlic cloves. 2. Heat 1 teaspoon oil in a pot. 3. Add cumin seeds and let them splutter. 4. Add garlic and sauté for 1 minute. 5. Add tomatoes and cook until mushy. 6. Add 2 cups water and black pepper. 7. Boil for 10 minutes. 8. Serve hot as soup.,20
Tomato Soup,veg,fever,tomato basil garlic,85,1. Chop tomatoes. 2. Sauté garlic. 3. Add tomatoes. 4. Simmer. 5. Blend. 6. Add basil. 7. Season. 8. Serve.,25
Vegetable Manchurian,veg,fever,vegetables spices,290,1. Chop veggies. 2. Make balls. 3. Fry. 4. Make sauce. 5. Add balls. 6. Cook. 7. Serve. 8. Indo-Chinese.,35
Vegetable Pulao,veg,fever,rice vegetables spices,280,"1. Cook 2 cups rice. 2. Sauté carrots, peas, beans. 3. Add spices. 4. Mix with rice. 5. Cook for 10 minutes. 6. Serve. 7. With curd. 8. Hot.",40
Vegetable Soup,veg,fever,carrot beans onion pepper,90,"1. Wash and peel 2 carrots, chop them into small pieces. 2. Chop 1/2 cup of beans and 1 onion into fine pieces. 3. Heat 1 teaspoon of oil in a pot over medium heat. 4. Add the chopped onion and sauté until translucent. 5. Add the carrots and beans, and cook for 5 minutes. 6. Add 4 cups of water and a pinch of black pepper. 7. Bring the mixture to a boil, then simmer for 15-20 minutes until vegetables are soft. 8. Blend the soup until smooth, season lightly, and serve hot.",30
Almond Milk Porridge,veg,fitness,oats almond milk,150,1. Boil milk. 2. Add oats. 3. Stir. 4. Simmer. 5. Sweeten. 6. Serve. 7. Warm. 8. Nutritious.,15
Aloo Bhujia,veg,fitness,potato spices,230,1. Boil potatoes. 2. Mash. 3. Heat oil. 4. Add spices. 5. Add potatoes. 6. Cook. 7. Serve. 8. With bread.,25
Aloo Matar Curry,veg,fitness,potato peas spices,250,1. Heat oil. 2. Add cumin. 3. Add potatoes. 4. Add peas. 5. Add spices. 6. Cook. 7. Serve. 8. With puri.,35
Boiled Egg Salad,non-veg,fitness,egg lettuce onion olive oil,200,"1. Place 2 eggs in a saucepan and cover with cold water. 2. Bring the water to a boil over high heat. 3. Reduce heat and simmer for 10 minutes. 4. Drain the hot water and cool eggs under cold water. 5. Peel the eggs and chop them into pieces. 6. Wash and chop lettuce and 1 onion. 7. In a bowl, mix the chopped eggs, lettuce, onion, and 1 tablespoon olive oil. 8. Toss gently, season with salt and pepper, and serve fresh.",20
Brown Rice Veg Bowl,veg,fitness,brown rice broccoli carrot beans,190,"1. Rinse 1/2 cup brown rice and cook in 1 cup water for 20-25 minutes. 2. Steam 1 cup broccoli florets, 1 carrot, and 1/2 cup beans. 3. Chop the steamed vegetables into pieces. 4. In a bowl, mix cooked rice and vegetables. 5. Season with salt, pepper, and a dash of olive oil. 6. Toss gently to combine. 7. Let it cool slightly. 8. Serve as a nutritious bowl.",35
Chicken 65,non-veg,fitness,chicken flour spices,260,1. Marinate chicken in spices. 2. Coat with flour. 3. Heat oil for frying. 4. Fry chicken until crisp. 5. Drain on paper. 6. Toss in sauce. 7. Garnish with curry leaves. 8. Serve hot.,25
Chicken Kebab,non-veg,fitness,chicken spices,330,1. Marinate chicken. 2. Skewer. 3. Grill. 4. Cook. 5. Serve. 6. With chutney. 7. Hot. 8. Enjoy.,30
Chicken Keema,non-veg,fitness,chicken mince onion spices,250,1. Sauté onions. 2. Add chicken mince. 3. Cook until done. 4. Add spices. 5. Simmer. 6. Garnish. 7. Serve. 8. With roti.,30
Chicken Skewers,non-veg,fitness,chicken yogurt spices,250,1. Cut chicken. 2. Marinate. 3. Skewer. 4. Grill. 5. Turn. 6. Cook. 7. Serve. 8. Hot.,40
Chicken Stir Fry,non-veg,fitness,chicken capsicum onion garlic,240,"1. Cut 150g chicken into thin strips. 2. Chop 1 capsicum, 1 onion, and 2 garlic cloves. 3. Heat 1 tablespoon oil in a wok over high heat. 4. Add garlic and stir fry for 30 seconds. 5. Add chicken strips and cook until browned. 6. Add onion and capsicum, stir fry for 3-4 minutes. 7. Season with soy sauce and pepper. 8. Serve hot over rice.",20
Chickpea Salad,veg,fitness,chickpeas tomato cucumber,170,1. Drain chickpeas. 2. Chop veggies. 3. Mix. 4. Dress. 5. Toss. 6. Chill. 7. Serve. 8. Fresh.,15
Chilli Paneer,veg,fitness,paneer capsicum spices,320,"1. Cut 200g paneer into pieces. 2. Marinate with soy sauce, chili. 3. Heat oil. 4. Fry paneer. 5. Add capsicum. 6. Add spices. 7. Cook. 8. Serve.",25
Egg Bhurji,non-veg,fitness,egg onion spices,220,1. Chop onions and tomatoes. 2. Heat oil and sauté onions. 3. Add spices and tomatoes. 4. Scramble eggs into mixture. 5. Cook until eggs are set. 6. Stir continuously. 7. Garnish with coriander. 8. Serve with bread.,15
Egg Muffins,non-veg,fitness,egg spinach cheese,210,1. Beat eggs. 2. Chop spinach. 3. Mix. 4. Pour in muffin tin. 5. Bake. 6. Cool. 7. Serve. 8. Warm.,25
Fish Biryani,non-veg,fitness,fish rice spices,370,1. Marinate fish. 2. Cook rice. 3. Fry onions. 4. Layer. 5. Cook. 6. Serve. 7. With raita. 8. Hot.,55
Fish Fillet,non-veg,fitness,fish lemon herbs,230,1. Season fish. 2. Heat pan. 3. Grill. 4. Turn. 5. Cook. 6. Serve. 7. With lemon. 8. Fresh.,20
Fish Fry,non-veg,fitness,fish spices,300,"1. Clean 4 fish pieces. 2. Marinate with chili, turmeric, salt. 3. Heat oil for frying. 4. Coat fish with flour. 5. Fry until golden. 6. Drain oil. 7. Serve. 8. With chutney.",20
Greek Yogurt Salad,veg,fitness,yogurt cucumber mint,140,1. Chop cucumber. 2. Mix yogurt. 3. Add mint. 4. Season. 5. Chill. 6. Serve. 7. Cool. 8. Refreshing.,10
Grilled Chicken,non-veg,fitness,chicken olive oil pepper,250,"1. Clean and pat dry 200g of chicken breast. 2. In a bowl, mix 1 tablespoon olive oil, salt, and black pepper. 3. Marinate the chicken in the mixture for at least 30 minutes. 4. Preheat the grill to medium-high heat. 5. Place the marinated chicken on the grill. 6. Grill for 6-8 minutes per side until cooked through and charred. 7. Let the chicken rest for 5 minutes after grilling. 8. Slice and serve with a side of vegetables.",50
Khakra,veg,fitness,flour spices oil,180,1. Mix 1 cup flour with spices and oil. 2. Knead into dough. 3. Roll into thin circles. 4. Prick with fork. 5. Cook on hot griddle until crisp. 6. Apply oil on both sides. 7. Store in airtight container. 8. Serve as snack.,25
Lamb Chops,non-veg,fitness,lamb spices oil,280,1. Marinate lamb. 2. Preheat grill. 3. Grill. 4. Turn. 5. Cook. 6. Rest. 7. Serve. 8. Hot.,35
Lentil Soup,veg,fitness,lentils spinach garlic,160,1. Rinse lentils. 2. Chop garlic. 3. Boil lentils. 4. Add spinach. 5. Simmer. 6. Blend. 7. Season. 8. Serve.,30
Methi Thepla,veg,fitness,fenugreek flour spices,200,"1. Chop 1 cup fenugreek leaves finely. 2. Mix with 1 cup flour, spices, and water to make dough. 3. Knead well and let rest for 15 minutes. 4. Divide into balls and roll into flatbreads. 5. Heat a griddle and cook each thepla with oil. 6. Cook until golden on both sides. 7. Repeat for all. 8. Serve with yogurt.",45
Mutton Masala,non-veg,fitness,mutton spices,380,1. Clean mutton. 2. Heat oil. 3. Add onion. 4. Add spices. 5. Add mutton. 6. Cook. 7. Simmer. 8. Serve.,50
Palak Paneer,veg,fitness,paneer spinach onion garlic,240,"1. Wash and blanch 2 cups spinach leaves. 2. Blend the spinach into a smooth paste. 3. Cube 200g paneer and fry lightly. 4. Chop 1 onion and 2 garlic cloves. 5. Heat 1 tablespoon oil in a pan. 6. Sauté onion and garlic until fragrant. 7. Add spinach paste and cook for 5 minutes. 8. Add fried paneer, season, and serve hot.",25
Paneer Salad,veg,fitness,paneer lettuce tomato olive oil,210,"1. Cube 150g paneer into bite-sized pieces. 2. Wash and chop lettuce and 1 tomato. 3. In a bowl, mix paneer, lettuce, and tomato. 4. Drizzle 1 tablespoon olive oil. 5. Season with salt and pepper. 6. Toss gently to coat. 7. Let it marinate for 10 minutes. 8. Serve fresh.",15
Paneer Tikka,veg,fitness,paneer yogurt spices,320,"1. Cut 200g paneer into cubes. 2. Marinate in yogurt, red chili, garam masala for 30 minutes. 3. Skewer the paneer. 4. Preheat grill to medium. 5. Grill for 10 minutes, turning occasionally. 6. Brush with oil. 7. Cook until charred. 8. Serve with mint chutney.",25
Prawn Skewers,non-veg,fitness,prawn spices,245,1. Marinate prawns. 2. Skewer. 3. Grill. 4. Turn. 5. Cook. 6. Serve. 7. With dip. 8. Enjoy.,25
Quinoa Bowl,veg,fitness,quinoa beans avocado,200,1. Cook quinoa. 2. Drain beans. 3. Slice avocado. 4. Mix. 5. Season. 6. Serve. 7. Fresh. 8. Healthy.,25
Shrimp Stir Fry,non-veg,fitness,shrimp garlic broccoli,220,1. Clean shrimp. 2. Chop garlic. 3. Heat oil. 4. Stir fry shrimp. 5. Add broccoli. 6. Cook. 7. Season. 8. Serve.,15
Soybean Curry,veg,fitness,soybean onion tomato,190,1. Boil soybeans. 2. Chop veggies. 3. Sauté. 4. Add spices. 5. Add beans. 6. Simmer. 7. Serve. 8. Hot.,40
Sprouts Salad,veg,fitness,sprouts tomato onion lemon,130,"1. Rinse 1 cup mixed sprouts thoroughly. 2. Boil the sprouts in water for 5-7 minutes until tender. 3. Drain and cool the sprouts. 4. Chop 1 tomato and 1 onion finely. 5. In a bowl, mix sprouts, tomato, and onion. 6. Squeeze juice from 1 lemon over the mixture. 7. Toss well and season with salt. 8. Let it sit for 10 minutes and serve fresh.",20
Tandoori Chicken,non-veg,fitness,chicken yogurt spices,360,1. Marinate 500g chicken in yogurt and tandoori masala. 2. Add lemon juice and ginger-garlic paste. 3. Marinate for 2 hours. 4. Preheat oven to 200°C. 5. Grill chicken for 20 minutes. 6. Turn and brush with oil. 7. Cook until done. 8. Serve with lemon wedges.,40
Tandoori Fish,non-veg,fitness,fish yogurt spices,330,1. Marinate fish in yogurt masala. 2. Grill. 3. Turn. 4. Cook for 15 minutes. 5. Serve. 6. With lemon. 7. Hot. 8. Enjoy.,30
Tofu Stir Fry,veg,fitness,tofu broccoli soy sauce,180,1. Cube tofu. 2. Chop broccoli. 3. Heat oil. 4. Fry tofu. 5. Add broccoli. 6. Stir. 7. Add sauce. 8. Serve.,20
Turkey Burger,non-veg,fitness,turkey patty lettuce,240,1. Shape patty. 2. Grill. 3. Toast bun. 4. Add lettuce. 5. Assemble. 6. Serve. 7. With sauce. 8. Enjoy.,20
Uttapam,veg,fitness,rice dal vegetables,280,1. Make batter. 2. Add veggies. 3. Cook. 4. Serve. 5. With chutney. 6. Healthy. 7. Breakfast. 8. South Indian.,20
Vegetable Soup,veg,fitness,vegetables spices,180,1. Wash vegetables. 2. Chop. 3. Heat water. 4. Add vegetables. 5. Add spices. 6. Boil. 7. Blend. 8. Serve.,30
Appam,veg,heart attacks,rice coconut,180,1. Soak rice. 2. Grind. 3. Ferment. 4. Cook. 5. Serve. 6. Lacy. 7. Breakfast. 8. Kerala.,25
Baingan Bharta,veg,heart attacks,eggplant spices,240,1. Roast eggplant. 2. Peel. 3. Mash. 4. Heat oil. 5. Add spices. 6. Add eggplant. 7. Cook. 8. Serve.,35
Baingan Ka Bharta,veg,heart attacks,eggplant spices,240,1. Roast eggplant. 2. Peel. 3. Mash. 4. Heat oil. 5. Add onion. 6. Add spices. 7. Add eggplant. 8. Cook.,35
Baked Fish,non-veg,heart attacks,fish lemon herbs,170,1. Season fish. 2. Preheat oven. 3. Bake. 4. Check. 5. Rest. 6. Serve. 7. With herbs. 8. Healthy.,30
Bhindi Fry,veg,heart attacks,okra spices,210,1. Wash bhindi. 2. Heat oil. 3. Add bhindi. 4. Add spices. 5. Cook. 6. Serve. 7. With dal. 8. Hot.,30
Chana Masala,veg,heart attacks,chickpeas tomato spices,250,1. Soak chana. 2. Cook. 3. Heat oil. 4. Add spices. 5. Add chana. 6. Cook. 7. Serve. 8. With puri.,40
Chicken Fry,non-veg,heart attacks,chicken spices,340,1. Marinate chicken. 2. Heat oil. 3. Fry. 4. Cook. 5. Drain. 6. Serve. 7. With salad. 8. Hot.,25
Chili Paneer,veg,heart attacks,paneer capsicum spices,330,1. Cut paneer. 2. Fry. 3. Heat oil. 4. Add spices. 5. Add paneer. 6. Cook. 7. Serve. 8. Spicy.,25
Chole,veg,heart attacks,chickpeas spices,300,1. Soak chana. 2. Cook. 3. Add spices. 4. Simmer. 5. Serve. 6. Punjabi. 7. Street food. 8. Spicy.,40
Dal Makhani,veg,heart attacks,urad dal spices,300,1. Soak 1 cup urad dal. 2. Cook. 3. Heat butter. 4. Add spices. 5. Add dal. 6. Simmer for 20 minutes. 7. Serve. 8. With naan.,60
Egg Roast,non-veg,heart attacks,egg spices,240,1. Boil eggs. 2. Fry with spices. 3. Serve. 4. Simple. 5. Breakfast. 6. Kerala. 7. Quick. 8. Tasty.,20
Fish Tikka,non-veg,heart attacks,fish spices,310,1. Marinate fish. 2. Skewer. 3. Grill. 4. Cook. 5. Serve. 6. With chutney. 7. Hot. 8. Enjoy.,25
Gajar Halwa,veg,heart attacks,carrot milk sugar,300,1. Grate carrot. 2. Cook with milk. 3. Add sugar. 4. Cook. 5. Add nuts. 6. Serve. 7. Warm. 8. Dessert.,45
Gobi Manchurian,veg,heart attacks,cauliflower spices,280,1. Chop cauliflower. 2. Fry. 3. Make sauce. 4. Add cauliflower. 5. Cook. 6. Serve. 7. Indo-Chinese. 8. Crispy.,30
Grilled Chicken Breast,non-veg,heart attacks,chicken breast herbs,185,1. Season chicken. 2. Preheat grill. 3. Grill. 4. Turn. 5. Cook. 6. Rest. 7. Serve. 8. Lean.,30
Heart-Healthy Salad,veg,heart attacks,lettuce tomato cucumber olive oil,90,1. Wash lettuce. 2. Chop veggies. 3. Mix. 4. Dress. 5. Toss. 6. Chill. 7. Serve. 8. Fresh.,10
Hyderabadi Biryani,non-veg,heart attacks,chicken rice spices,450,1. Marinate chicken. 2. Cook rice. 3. Layer. 4. Dum. 5. Serve. 6. Spicy. 7. Nizam. 8. Iconic.,60
Keema,non-veg,heart attacks,minced meat onion spices,340,"1. Heat 2 tablespoons oil. 2. Add 1 chopped onion and sauté. 3. Add 250g minced meat. 4. Add ginger-garlic paste. 5. Add spices like turmeric, chili. 6. Cook for 15 minutes. 7. Add water and simmer. 8. Serve with bread.",40
Khichdi,veg,heart attacks,rice moong dal spices,220,1. Rinse rice and dal. 2. Cook. 3. Heat ghee. 4. Add spices. 5. Add mixture. 6. Simmer. 7. Serve. 8. Comfort.,40
Lamb Biryani,non-veg,heart attacks,lamb rice spices,450,1. Marinate 500g lamb with spices. 2. Cook 2 cups rice. 3. Fry 2 onions. 4. Layer lamb and rice. 5. Add saffron. 6. Cook on low for 40 minutes. 7. Rest. 8. Serve.,70
Lamb Korma,non-veg,heart attacks,lamb yogurt spices,430,1. Marinate lamb. 2. Heat oil. 3. Add spices. 4. Add lamb. 5. Add yogurt. 6. Cook. 7. Simmer. 8. Serve.,55
Lamb Masala,non-veg,heart attacks,lamb spices,420,1. Clean lamb. 2. Heat oil. 3. Add spices. 4. Add lamb. 5. Cook. 6. Simmer. 7. Serve. 8. Spicy.,50
Mathri,veg,heart attacks,flour spices,300,1. Make dough. 2. Shape. 3. Fry. 4. Serve. 5. Flaky. 6. Snack. 7. Punjabi. 8. Diwali.,25
Mixed Dal,veg,heart attacks,dal spices,240,1. Rinse dals. 2. Cook. 3. Heat ghee. 4. Add spices. 5. Add dal. 6. Simmer. 7. Serve. 8. Protein-rich.,35
Moong Dal,veg,heart attacks,moong dal spices,180,1. Rinse dal. 2. Cook. 3. Heat ghee. 4. Add spices. 5. Add dal. 6. Simmer. 7. Serve. 8. Simple.,30
Mushroom Curry,veg,heart attacks,mushrooms coconut spices,260,1. Clean mushrooms. 2. Heat oil. 3. Add spices. 4. Add mushrooms. 5. Cook. 6. Add coconut. 7. Simmer. 8. Serve.,30
Mutton Biryani,non-veg,heart attacks,mutton rice spices,440,1. Marinate mutton. 2. Cook rice. 3. Fry onions. 4. Layer. 5. Cook. 6. Dum. 7. Serve. 8. Hot.,65
Mutton Masala,non-veg,heart attacks,mutton spices,370,1. Clean mutton. 2. Heat oil. 3. Add onion. 4. Add spices. 5. Add mutton. 6. Cook. 7. Simmer. 8. Serve.,50
Navratan Korma,veg,heart attacks,vegetables cream spices,340,1. Cook veggies. 2. Add cream. 3. Simmer. 4. Serve. 5. Mughlai. 6. Mixed. 7. Festive. 8. Rich.,45
Pakora,veg,heart attacks,vegetables spices,260,1. Make batter. 2. Dip veggies. 3. Fry. 4. Serve. 5. With chutney. 6. Crispy. 7. Snack. 8. Popular.,20
Paneer Bhurji,veg,heart attacks,paneer spices,230,1. Crumble paneer. 2. Heat oil. 3. Add onion. 4. Add spices. 5. Add paneer. 6. Cook. 7. Serve. 8. With bread.,20
Paneer Jalfrezi,veg,heart attacks,paneer vegetables spices,340,1. Cut paneer. 2. Heat oil. 3. Add spices. 4. Add veggies. 5. Add paneer. 6. Cook. 7. Serve. 8. Stir-fry.,30
Pork Curry,non-veg,heart attacks,pork coconut spices,410,1. Clean pork. 2. Heat oil. 3. Add spices. 4. Add pork. 5. Add coconut. 6. Cook. 7. Simmer. 8. Serve.,50
Prawn Curry,non-veg,heart attacks,prawns coconut spices,310,1. Clean 250g prawns. 2. Grind coconut paste. 3. Heat oil. 4. Add paste. 5. Add prawns. 6. Cook for 10 minutes. 7. Serve. 8. With rice.,30
Rajma Masala,veg,heart attacks,kidney beans spices,290,1. Soak rajma. 2. Cook. 3. Heat oil. 4. Add onion. 5. Add spices. 6. Add rajma. 7. Simmer. 8. Serve.,50
Upma,veg,heart attacks,semolina vegetables,240,1. Roast semolina. 2. Cook veggies. 3. Add semolina. 4. Cook. 5. Serve. 6. Warm. 7. Breakfast. 8. South Indian.,20
Vegetable Biryani,veg,heart attacks,rice vegetables spices,350,"1. Cook 2 cups rice with spices. 2. Sauté mixed vegetables like carrots, peas, beans. 3. Add spices to vegetables. 4. Layer rice and vegetables. 5. Add saffron. 6. Cook on low heat for 20 minutes. 7. Let it rest. 8. Serve with cucumber raita.",50
Whole Grain Porridge,veg,heart attacks,oats fruits nuts,150,1. Boil oats. 2. Chop fruits. 3. Add nuts. 4. Mix. 5. Serve. 6. Warm. 7. Filling. 8. Heart-friendly.,15